FIRST_NAME,LAST_NAME,EMP_ID,HIRE_DATE,SALARY,DEPT,EXEMPT,INTERESTS
Tyler,Bennett,E10297,06/01/77,32000.00,D101,Y,
John,Rappl,E21437,07/15/87,47000.00,D050,Y,"Sports:
        Volleyball
        Softball
        Basketball

Hobbies:
        Gardening
        Wood Working
        Auto Restoration"
George,Woltman,E00127,08/07/82,53500.00,D101,Y,"Sports:
        Bicycling
        Volleyball

Hobbies:
        Bridge
        Reading"
Adam,Smith,E63535,01/15/88,18000.00,D202,N,
David,McClellan,E04242,07/27/82,41500.00,D101,Y,"Sports:
        Jogging

Hobbies:
        Cub Scouts
        Writing
        Gardening"
Rich,Holcomb,E01234,06/01/83,49500.00,D202,Y,
Nathan,Adams,E41298,02/15/88,21900.00,D050,N,
Richard,Potter,E43128,04/12/86,15900.00,D101,N,
David,Motsinger,E27002,05/05/85,19250.00,D202,N,
Tim,Sampair,E03033,12/02/87,27000.00,D101,Y,
Kim,Arlich,E10001,07/30/85,57000.00,D190,Y,
Timothy,Grove,E16398,01/21/85,29900.00,D190,Y,
